{
    "train": {
        "bounds": [
            [
                0.1,
                0.9
            ],
            [
                0.1,
                0.9
            ]
        ],
        "sequence_length": 350,
        "default_connectivity_radius": 0.03,
        "dim": 2,
        "dt": 0.0025,
        "nmessage_passing_steps": 10,
        "vel_mean": [
            -5.5916125937737436e-05,
            -0.0007619836350431961
        ],
        "vel_std": [
            0.001123664970454785,
            0.001844698434131783
        ],
        "vel_max": [
            0.007813751697540283,
            0.007972747087478638
        ],
        "vel_min": [
            -0.007474005222320557,
            -0.009947031736373901
        ],
        "acc_mean": [
            -2.556772911773285e-07,
            2.0618358480761462e-07
        ],
        "acc_std": [
            0.00015655569739915826,
            0.00026760516303943603
        ],
        "acc_max": [
            0.0041519999504089355,
            0.010744243860244751
        ],
        "acc_min": [
            -0.003878772258758545,
            -0.006593674421310425
        ]
    },
    "rollout": {
        "bounds": [
            [
                0.1,
                0.9
            ],
            [
                0.1,
                0.9
            ]
        ],
        "sequence_length": 350,
        "default_connectivity_radius": 0.03,
        "dim": 2,
        "dt": 0.0025,
        "nmessage_passing_steps": 10,
        "vel_mean": [
            -5.5916125937737436e-05,
            -0.0007619836350431961
        ],
        "vel_std": [
            0.001123664970454785,
            0.001844698434131783
        ],
        "vel_max": [
            0.007813751697540283,
            0.007972747087478638
        ],
        "vel_min": [
            -0.007474005222320557,
            -0.009947031736373901
        ],
        "acc_mean": [
            -2.556772911773285e-07,
            2.0618358480761462e-07
        ],
        "acc_std": [
            0.00015655569739915826,
            0.00026760516303943603
        ],
        "acc_max": [
            0.0041519999504089355,
            0.010744243860244751
        ],
        "acc_min": [
            -0.003878772258758545,
            -0.006593674421310425
        ]
    }
}